a,hence,see
able,her,seeing
about,here,seem
above,hereafter,seemed
abroad,hereby,seeming
according,herein,seems
accordingly,here's,seen
across,hereupon,self
actually,hers,selves
adj,herself,sensible
after,he's,sent
afterwards,hi,serious
again,him,seriously
against,himself,seven
ago,his,several
ahead,hither,shall
ain't,hopefully,shan't
all,how,she
allow,howbeit,she'd
allows,however,she'll
almost,hundred,she's
alone,i,should
along,i'd,shouldn't
alongside,ie,since
already,if,six
also,ignored,so
although,i'll,some
always,i'm,somebody
am,immediate,someday
amid,in,somehow
amidst,inasmuch,someone
among,inc,something
amongst,inc.,sometime
an,indeed,sometimes
and,indicate,somewhat
another,indicated,somewhere
any,indicates,soon
anybody,inner,sorry
anyhow,inside,specified
anyone,insofar,specify
anything,instead,specifying
anyway,into,still
anyways,inward,sub
anywhere,is,such
apart,isn't,sup
appear,it,sure
appreciate,it'd,t
appropriate,it'll,take
are,its,taken
aren't,it's,taking
around,itself,tell
as,i've,tends
a's,j,th
aside,just,than
ask,k,thank
asking,keep,thanks
associated,keeps,thanx
at,kept,that
available,know,that'll
away,known,thats
awfully,knows,that's
b,l,that've
back,last,the
backward,lately,their
backwards,later,theirs
be,latter,them
became,latterly,themselves
because,least,then
become,less,thence
becomes,lest,there
becoming,let,thereafter
been,let's,thereby
before,like,there'd
beforehand,liked,therefore
begin,likely,therein
behind,likewise,there'll
being,little,there're
believe,look,theres
below,looking,there's
beside,looks,thereupon
besides,low,there've
best,lower,these
better,ltd,they
between,m,they'd
beyond,made,they'll
both,mainly,they're
brief,make,they've
but,makes,thing
by,many,things
c,may,think
came,maybe,third
can,mayn't,thirty
cannot,me,this
cant,mean,thorough
can't,meantime,thoroughly
caption,meanwhile,those
cause,merely,though
causes,might,three
certain,mightn't,through
certainly,mine,throughout
changes,minus,thru
clearly,miss,thus
c'mon,more,till
co,moreover,to
co.,most,together
com,mostly,too
come,mr,took
comes,mrs,toward
concerning,much,towards
consequently,must,tried
consider,mustn't,tries
considering,my,truly
contain,myself,try
containing,n,trying
contains,name,t's
corresponding,namely,twice
could,nd,two
couldn't,near,u
course,nearly,un
c's,necessary,under
currently,need,underneath
d,needn't,undoing
dare,needs,unfortunately
daren't,neither,unless
definitely,never,unlike
described,neverf,unlikely
despite,neverless,until
did,nevertheless,unto
didn't,new,up
different,next,upon
directly,nine,upwards
do,ninety,us
does,no,use
doesn't,nobody,used
doing,non,useful
done,none,uses
don't,nonetheless,using
down,noone,usually
downwards,no-one,v
during,nor,value
e,normally,various
each,not,versus
edu,nothing,very
eg,notwithstanding,via
eight,novel,viz
eighty,now,vs
either,nowhere,w
else,o,want
elsewhere,obviously,wants
end,of,was
ending,off,wasn't
enough,often,way
entirely,oh,we
especially,ok,we'd
et,okay,welcome
etc,old,well
even,on,we'll
ever,once,went
evermore,one,were
every,ones,we're
everybody,one's,weren't
everyone,only,we've
everything,onto,what
everywhere,opposite,whatever
ex,or,what'll
exactly,other,what's
example,others,what've
except,otherwise,when
f,ought,whence
fairly,oughtn't,whenever
far,our,where
farther,ours,whereafter
few,ourselves,whereas
fewer,out,whereby
fifth,outside,wherein
first,over,where's
five,overall,whereupon
followed,own,wherever
following,p,whether
follows,particular,which
for,particularly,whichever
forever,past,while
former,per,whilst
formerly,perhaps,whither
forth,placed,who
forward,please,who'd
found,plus,whoever
four,possible,whole
from,presumably,who'll
further,probably,whom
furthermore,provided,whomever
g,provides,who's
get,q,whose
gets,que,why
getting,quite,will
given,qv,willing
gives,r,wish
go,rather,with
goes,rd,within
going,re,without
gone,really,wonder
got,reasonably,won't
gotten,recent,would
greetings,recently,wouldn't
h,regarding,x
had,regardless,y
hadn't,regards,yes
half,relatively,yet
happens,respectively,you
hardly,right,you'd
has,round,you'll
hasn't,s,your
have,said,you're
haven't,same,yours
having,saw,yourself
he,say,yourselves
he'd,saying,you've
he'll,says,z
hello,second,zero
help,secondly,
