facebook," 2,147,483,647 "
youtube," 1,680,000,000 "
google," 923,000,000 "
gmail," 506,000,000 "
hotmail," 506,000,000 "
xxnx," 414,000,000 "
xvideos," 338,000,000 "
amazon," 277,000,000 "
translator," 226,000,000 "
xxx," 226,000,000 "
pornos," 226,000,000 "
facebook login," 226,000,000 "
yahoo," 185,000,000 "
google translate," 185,000,000 "
yahoomail," 151,000,000 "
google maps," 151,000,000 "
ebay," 151,000,000 "
whatsapp," 151,000,000 "
porn," 124,000,000 "
instagram," 124,000,000 "
traductor," 123,741,690 "
weather," 101,000,000 "
redtube," 101,000,000 "
netflix," 83,100,000 "
outlook," 83,100,000 "
pokemon go," 83,100,000 "
twitter," 83,100,000 "
xhamster," 83,100,000 "
fahrenheit," 83,100,000 "
youporn," 83,100,000 "
olx," 83,100,000 "
craigslist," 68,000,000 "
msn," 55,600,000 "
grammes," 55,600,000 "
free porn," 55,600,000 "
beeg," 55,600,000 "
youtube mp3," 45,500,000 "
snapchat," 45,500,000 "
you," 45,500,000 "
messenger," 45,500,000 "
news," 45,500,000 "
sex," 45,500,000 "
videos pornotube," 45,500,000 "
ali express," 45,500,000 "
walmart," 45,500,000 "
bbc news," 37,200,000 "
google trad," 37,200,000 "
clash of clans," 37,200,000 "
linkedin," 37,200,000 "
tubidy," 37,200,000 "
pinterest," 37,200,000 "
vminecraft," 37,200,000 "
glob," 37,200,000 "
whatsapp web," 37,200,000 "
mincraft," 37,200,000 "
badoo," 37,200,000 "
bideo porno," 37,200,000 "
video porn," 37,200,000 "
ikea," 37,200,000 "
live score," 37,200,000 "
cnn," 30,400,000 "
cable news network," 30,400,000 "
e okul," 30,400,000 "
youtube to mp3," 30,400,000 "
olympics," 30,400,000 "
auol," 30,400,000 "
uolo," 30,400,000 "
speed test," 30,400,000 "
speedometer test," 30,400,000 "
minecraft," 30,400,000 "
traduttore," 30,400,000 "
game," 30,400,000 "
games," 30,400,000 "
paypal," 30,400,000 "
tiempos," 30,400,000 "
daily mail," 30,400,000 "
pornhub," 30,400,000 "
crikbuzz," 30,400,000 "
sahibinden," 30,400,000 "
MercadoLibre," 24,900,002 "
ok google," 24,900,000 "
libero mail," 24,900,000 "
milliyet," 24,900,000 "
bild," 24,900,000 "
marca," 24,900,000 "
marcar," 24,900,000 "
google tradutor," 24,900,000 "
euro 2016," 24,900,000 "
google onedrive," 24,900,000 "
ryanair," 24,900,000 "
traduttor," 24,900,000 "
myn," 24,900,000 "
skype," 24,900,000 "
aleg," 24,900,000 "
espn," 24,900,000 "
ebay kleinanzeigen," 24,900,000 "
factory automation," 24,900,000 "
football association," 24,900,000 "
mail," 24,900,000 "
mailen," 24,900,000 "
mails," 24,900,000 "
nynet," 24,900,000 "
beezars," 24,900,000 "
allegro," 24,900,000 "
convertidos," 24,900,000 "
sexuality video," 24,900,000 "
wp," 24,900,000 "
sex videos," 24,900,000 "
flipkart," 24,900,000 "
home depot," 24,900,000 "
home-depot," 24,900,000 "
hotel," 20,400,000 "
hotelaria," 20,400,000 "
restaurant," 20,400,000 "
restauration," 20,400,000 "
fox news," 20,400,000 "
iphone 7," 20,400,000 "
chaturbate," 20,400,000 "
ebay uk," 20,400,000 "
national basketball association," 20,400,000 "
nba," 20,400,000 "
g drive," 20,400,000 "
google drive," 20,400,000 "
bet365," 20,400,000 "
pokemom," 20,400,000 "
after service," 20,400,000 "
akciova spolecnost," 20,400,000 "
dropbox," 20,400,000 "
bed 365," 20,400,000 "
bookers," 20,400,000 "
booking," 20,400,000 "
zalando," 20,400,000 "
oranges," 20,400,000 "
calcu," 20,400,000 "
omegle," 20,400,000 "
indeed," 20,400,000 "
calculator," 20,400,000 "
calculators," 20,400,000 "
mp3," 20,400,000 "
pandora," 20,400,000 "
target," 20,400,000 "
zara," 20,400,000 "
airbnb," 20,400,000 "
best buy," 20,400,000 "
brazzers," 20,400,000 "
irctc," 20,400,000 "
cricbuzz," 20,400,000 "
uc browser," 20,400,000 "
phim sex," 20,400,000 "
gmx," 20,400,000 "
satta matka," 20,400,000 "
tubemate," 20,400,000 "
traductor google," 16,713,251 "
juegos," 16,713,251 "
hotels," 16,600,000 "
putlocker," 16,600,000 "
donald trump," 16,600,000 "
patriot ordnance factory," 16,600,000 "
pof," 16,600,000 "
restaurants," 16,600,000 "
bbc sports," 16,600,000 "
wells fargo," 16,600,000 "
pirate bay," 16,600,000 "
tumblr," 16,600,000 "
office 365," 16,600,000 "
office365," 16,600,000 "
youtube converter," 16,600,000 "
goggle docs," 16,600,000 "
billionaire boys club," 16,600,000 "
bbc," 16,600,000 "
wikipedia," 16,600,000 "
el mundo," 16,600,000 "
traduzir," 16,600,000 "
cam4," 16,600,000 "
leboncoin," 16,600,000 "
pizza hut," 16,600,000 "
pizzahut deals," 16,600,000 "
santander," 16,600,000 "
hentai," 16,600,000 "
el pais," 16,600,000 "
subway surfers," 16,600,000 "
brazzer," 16,600,000 "
brazzers," 16,600,000 "
roblox," 16,600,000 "
soundcloud," 16,600,000 "
bank of america," 16,600,000 "
google play," 16,600,000 "
gum tree," 16,600,000 "
spotify," 16,600,000 "
dominos," 16,600,000 "
interia," 16,600,000 "
goggle chrome," 16,600,000 "
staeam," 16,600,000 "
steam," 16,600,000 "
international mathematics olympiad," 16,600,000 "
playstore," 16,600,000 "
apple," 16,600,000 "
groupon," 16,600,000 "
itube.com," 16,600,000 "
amazon uk," 16,600,000 "
amazon united kingdom," 16,600,000 "
cricinfo," 16,600,000 "
argos," 16,600,000 "
atgis," 16,600,000 "
augos," 16,600,000 "
tube8," 16,600,000 "
xxx video," 16,600,000 "
facebook lite," 16,600,000 "
adna klasnik," 16,600,000 "
odnoklassniki," 16,600,000 "
imdb," 13,600,000 "
aol mail," 13,600,000 "
aol mailbox," 13,600,000 "
sports," 13,600,000 "
man united," 13,600,000 "
justin bieber," 13,600,000 "
state bank india online," 13,600,000 "
american online inc," 13,600,000 "
sbi online," 13,600,000 "
google docs," 13,600,000 "
backpages," 13,600,000 "
lowes," 13,600,000 "
cosco," 13,600,000 "
aol," 13,600,000 "
bing," 13,600,000 "
wwe," 13,600,000 "
anti virus," 13,600,000 "
dich," 13,600,000 "
hdfc netbanking," 13,600,000 "
auto trader," 13,600,000 "
candy crush," 13,600,000 "
perfect girl," 13,600,000 "
expedia," 13,600,000 "
vodafone," 13,600,000 "
adidas," 13,600,000 "
porn tube," 13,600,000 "
pornstar tube," 13,600,000 "
kooora," 13,600,000 "
trivago," 13,600,000 "
liber," 13,600,000 "
nike," 13,600,000 "
viber," 13,600,000 "
google chrome," 13,600,000 "
chrome," 13,600,000 "
chromed," 13,600,000 "
trip advisor," 13,600,000 "
automated surface observing system," 13,600,000 "
whatsapp messenger," 13,600,000 "
line," 13,600,000 "
macys," 13,600,000 "
skyscanner," 13,600,000 "
facebook en espa ol," 13,600,000 "
decathlon," 13,600,000 "
shareit," 13,600,000 "
snap deal," 13,600,000 "
snapdeal," 13,600,000 "
24h," 13,600,000 "
internet movie database," 11,100,000 "
banco de venezuela," 11,100,000 "
reddit," 11,100,000 "
icloud," 11,100,000 "
uber," 11,100,000 "
trump," 11,100,000 "
game of thrones," 11,100,000 "
aright move," 11,100,000 "
peppa pig," 11,100,000 "
deadpool," 11,100,000 "
national football league," 11,100,000 "
nfl," 11,100,000 "
samsung," 11,100,000 "
world star hip hop," 11,100,000 "
aloewishes," 11,100,000 "
anime goog," 11,100,000 "
mp3xd," 11,100,000 "
lotto," 11,100,000 "
meenakshisundaram," 11,100,000 "
metros," 11,100,000 "
monsieur," 11,100,000 "
alvyda," 11,100,000 "
american airlines," 11,100,000 "
ansaa," 11,100,000 "
flashscore," 11,100,000 "
real madrid," 11,100,000 "
itunes," 11,100,000 "
accuweather," 11,100,000 "
yandex," 11,100,000 "
youtube downloader," 11,100,000 "
capital one," 11,100,000 "
dailymotion," 11,100,000 "
hsbc," 11,100,000 "
email," 11,100,000 "
pages jaunes," 11,100,000 "
google earth," 11,100,000 "
mcdonalds," 11,100,000 "
asck," 11,100,000 "
clean master," 11,100,000 "
amazon prime," 11,100,000 "
ask," 11,100,000 "
imo," 11,100,000 "
porno gratis," 11,100,000 "
pornogratis," 11,100,000 "
usps tracking," 11,100,000 "
zillows," 11,100,000 "
kohls," 11,100,000 "
paytm," 11,100,000 "
gta," 11,100,000 "
costco," 11,100,000 "
facebook messenger," 11,100,000 "
happy wheels," 11,100,000 "
kim kardashian," 11,100,000 "
porn video," 11,100,000 "
toys r us," 11,100,000 "
cricket scoreboard," 11,100,000 "
cricket scores," 11,100,000 "
traducir," 9,154,410 "
mercado libre," 9,140,003 "
mexican restaurants near me," 9,140,000 "
nfl scores," 9,140,000 "
dravi," 9,140,000 "
star wars," 9,140,000 "
google scholar," 9,140,000 "
cooi math gams," 9,140,000 "
cool math game," 9,140,000 "
solitaire," 9,140,000 "
afton bladet," 9,140,000 "
google news," 9,140,000 "
google images," 9,140,000 "
tinder," 9,140,000 "
chase," 9,140,000 "
goggle images," 9,140,000 "
caf," 9,140,000 "
iltalehti," 9,140,000 "
vpn," 9,140,000 "
goggle news," 9,140,000 "
iphone 6s," 9,140,000 "
selena gomez," 9,140,000 "
mp3 converter," 9,140,000 "
aresanel," 9,140,000 "
driver," 9,140,000 "
suicide squad," 9,140,000 "
mobile," 9,140,000 "
mobili," 9,140,000 "
wallpapers," 9,140,000 "
wc," 9,140,000 "
forever 21," 9,140,000 "
powerball," 9,140,000 "
ticketmaster," 9,140,000 "
web whatsapp," 9,140,000 "
a erocam aor omes," 9,140,000 "
asrnel," 9,140,000 "
bbc weather," 9,140,000 "
hotmaillogin," 9,140,000 "
corrosion of conformity," 9,140,000 "
windows 10," 9,140,000 "
easyjet," 9,140,000 "
hot," 9,140,000 "
litre," 9,140,000 "
mapquest," 9,140,000 "
vn express," 9,140,000 "
kizi," 9,140,000 "
youtube videos," 9,140,000 "
bradesco," 9,140,000 "
lol," 9,140,000 "
clarin," 9,140,000 "
photo edit," 9,140,000 "
photography editing," 9,140,000 "
trenitalia," 9,140,000 "
candy crush saga," 9,140,000 "
fanatik," 9,140,000 "
mappy," 9,140,000 "
b6 12," 9,140,000 "
meteos," 9,140,000 "
celsius," 9,140,000 "
firefox," 9,140,000 "
grand theft auto," 9,140,000 "
greater toronto area," 9,140,000 "
kik," 9,140,000 "
next," 9,140,000 "
victoria secret," 9,140,000 "
sexo," 9,140,000 "
teamviewer," 9,140,000 "
etsy," 9,140,000 "
bla bla car," 9,140,000 "
indian railway," 9,140,000 "
lazada," 9,140,000 "
pnr-status," 9,140,000 "
hotstar," 9,140,000 "
x video," 9,140,000 "
bidmate," 9,140,000 "
jogos," 9,140,000 "
mfacebook," 9,140,000 "
la caixa," 7,480,002 "
t-mobile," 7,480,001 "
hillary clinton," 7,480,000 "
restaurant near me," 7,480,000 "
ymz," 7,480,000 "
tmz," 7,480,000 "
Ariana Grande," 7,480,000 "
sky news," 7,480,000 "
mp3 juice," 7,480,000 "
ig," 7,480,000 "
cool math," 7,480,000 "
the walking dead," 7,480,000 "
ilta-sanomat," 7,480,000 "
arsenal," 7,480,000 "
asana," 7,480,000 "
barca," 7,480,000 "
barcelona," 7,480,000 "
barcelonistas," 7,480,000 "
sky sports," 7,480,000 "
ultimate fighting championship," 7,480,000 "
taylor swift," 7,480,000 "
banisteriopsis," 7,480,000 "
general motors," 7,480,000 "
genetically modified," 7,480,000 "
gm," 7,480,000 "
le monde," 7,480,000 "
web," 7,480,000 "
kurir," 7,480,000 "
chased," 7,480,000 "
prince," 7,480,000 "
123movies," 7,480,000 "
kayak," 7,480,000 "
b lic," 7,480,000 "
minion," 7,480,000 "
music downloader," 7,480,000 "
youtube music," 7,480,000 "
edmodo," 7,480,000 "
cars," 7,480,000 "
hola," 7,480,000 "
att," 7,480,000 "
happy birthday," 7,480,000 "
dee," 7,480,000 "
iphone 6," 7,480,000 "
wish," 7,480,000 "
papa johns," 7,480,000 "
sat," 7,480,000 "
major league baseball," 7,480,000 "
mlb," 7,480,000 "
australian broadcasting corporation," 7,480,000 "
index," 7,480,000 "
indexer," 7,480,000 "
credit karma," 7,480,000 "
snap tube," 7,480,000 "
aloha tube," 7,480,000 "
banco estado," 7,480,000 "
kickass," 7,480,000 "
aphotoshop," 7,480,000 "
abc," 7,480,000 "
fifa 16," 7,480,000 "
db," 7,480,000 "
deutsche bahn," 7,480,000 "
iphone 5s," 7,480,000 "
actualitees," 7,480,000 "
messi," 7,480,000 "
kylie jenner," 7,480,000 "
utorrent," 7,480,000 "
image," 7,480,000 "
terra," 7,480,000 "
google classrooms," 7,480,000 "
rediffmail," 7,480,000 "
torrents," 7,480,000 "
extra torrent," 7,480,000 "
xdj," 7,480,000 "
starbucks," 7,480,000 "
movies," 7,480,000 "
matka," 7,480,000 "
wordreference," 7,480,000 "
anime," 7,480,000 "
sarkari result," 7,480,000 "
retrica," 7,480,000 "
4shared," 7,480,000 "
kahoot," 7,480,000 "
habe," 7,480,000 "
ups track," 7,480,000 "
9 gag," 7,480,000 "
antozone," 7,480,000 "
auroson," 7,480,000 "
auroxone," 7,480,000 "
gazeteler," 7,480,000 "
tesco," 7,480,000 "
bank2u," 7,480,000 "
downloads," 7,480,000 "
mango," 7,480,000 "
ok," 7,480,000 "
qvc," 7,480,000 "
unicredit," 7,480,000 "
banco bilbao vizcaya argentaria," 7,480,000 "
bbvas," 7,480,000 "
horoscope," 7,480,000 "
24 sata," 7,480,000 "
baqnesco," 7,480,000 "
credit agricole," 7,480,000 "
bed bath and beyond," 7,480,000 "
buienradar," 7,480,000 "
old navy," 7,480,000 "
arefour," 7,480,000 "
dictionaries," 7,480,000 "
dictionary," 7,480,000 "
foot locker," 7,480,000 "
footlocker," 7,480,000 "
j.c. penney," 7,480,000 "
pnr status," 7,480,000 "
amerikano," 7,480,000 "
aricanas," 7,480,000 "
gamestop," 7,480,000 "
nordstrom," 7,480,000 "
bookmyshow," 7,480,000 "
liverpool," 7,480,000 "
rambler," 7,480,000 "
major league baseball scores," 6,120,000 "
mlb scores," 6,120,000 "
nba scores," 6,120,000 "
the pirate bay," 6,120,000 "
golden state warriors," 6,120,000 "
onedrive," 6,120,000 "
cheap flights," 6,120,000 "
vertalen," 6,120,000 "
cheapest flights," 6,120,000 "
citi bank," 6,120,000 "
outlook 365," 6,120,000 "
chase online," 6,120,000 "
watch series," 6,120,000 "
david bowie," 6,120,000 "
google flights," 6,120,000 "
bbc football," 6,120,000 "
united airlines," 6,120,000 "
bernie sanders," 6,120,000 "
testing," 6,120,000 "
tests," 6,120,000 "
toyota," 6,120,000 "
webmail," 6,120,000 "
ajva," 6,120,000 "
fitbit," 6,120,000 "
java," 6,120,000 "
american express," 6,120,000 "
gay porn," 6,120,000 "
ivanovic," 6,120,000 "
television guide," 6,120,000 "
tv guide," 6,120,000 "
cristiano ronaldo," 6,120,000 "
rihanna," 6,120,000 "
southwest airlines," 6,120,000 "
sw airlines," 6,120,000 "
java -djava.security.policy," 6,120,000 "
oppure," 6,120,000 "
ovvero," 6,120,000 "
spider man," 6,120,000 "
online sbi," 6,120,000 "
bmw," 6,120,000 "
music," 6,120,000 "
ynet," 6,120,000 "
dragon ball super," 6,120,000 "
iphones," 6,120,000 "
anerucab exoress," 6,120,000 "
verizon," 6,120,000 "
icicinet banking," 6,120,000 "
roku," 6,120,000 "
popcorn time," 6,120,000 "
pornhd," 6,120,000 "
delfi," 6,120,000 "
sabah," 6,120,000 "
hello," 6,120,000 "
eme," 6,120,000 "
winrar," 6,120,000 "
youtubes music," 6,120,000 "
n," 6,120,000 "
united states post office," 6,120,000 "
east," 6,120,000 "
premier league," 6,120,000 "
piano," 6,120,000 "
skies," 6,120,000 "
sky," 6,120,000 "
mp3 downloader," 6,120,000 "
asda," 6,120,000 "
geometry dash," 6,120,000 "
foot," 6,120,000 "
football," 6,120,000 "
flashlight," 6,120,000 "
mobile de," 6,120,000 "
tubegalore," 6,120,000 "
photoshop," 6,120,000 "
ps4," 6,120,000 "
360 security," 6,120,000 "
thesaurus," 6,120,000 "
ups," 6,120,000 "
free sex," 6,120,000 "
uninterrupted power supply," 6,120,000 "
adobe reader," 6,120,000 "
subway," 6,120,000 "
league of legends," 6,120,000 "
movistar," 6,120,000 "
guardian," 6,120,000 "
guardians," 6,120,000 "
fedex," 6,120,000 "
gmail login," 6,120,000 "
applock," 6,120,000 "
naruto," 6,120,000 "
apps," 6,120,000 "
grand theft auto 5," 6,120,000 "
o2," 6,120,000 "
anemei," 6,120,000 "
currency converter," 6,120,000 "
emoji," 6,120,000 "
walgreen," 6,120,000 "
john lewis," 6,120,000 "
milf," 6,120,000 "
wechat," 6,120,000 "
hd porn," 6,120,000 "
download," 6,120,000 "
moto gp," 6,120,000 "
sears," 6,120,000 "
autozone," 6,120,000 "
bideos porno gratis," 6,120,000 "
huffington post," 6,120,000 "
porn hd," 6,120,000 "
telecinco," 6,120,000 "
chatro," 6,120,000 "
chatroulet," 6,120,000 "
la repubblica," 6,120,000 "
photo grid," 6,120,000 "
animal jam," 6,120,000 "
apple store," 6,120,000 "
avitop," 6,120,000 "
palmeiras," 6,120,000 "
aldis," 6,120,000 "
candy camera," 6,120,000 "
christian outreach centre," 6,120,000 "
segunda mano," 6,120,000 "
videos porno gratis," 6,120,000 "
bonprix," 6,120,000 "
carrefour," 6,120,000 "
cinemark," 6,120,000 "
new look," 6,120,000 "
times of india," 6,120,000 "
truecaller," 6,120,000 "
antera vasna," 6,120,000 "
fnac," 6,120,000 "
live cricket score," 6,120,000 "
live cricket scoreboard," 6,120,000 "
program tv," 6,120,000 "
netbanking," 5,000,000 "
conor mcgregor," 5,000,000 "
comcast," 5,000,000 "
mail online," 5,000,000 "
halifax," 5,000,000 "
adobe flash player," 5,000,000 "
coco," 5,000,000 "
teen porn," 5,000,000 "
pubmed," 5,000,000 "
honda," 5,000,000 "
lottery," 5,000,000 "
plenty of fish," 5,000,000 "
a bola," 5,000,000 "
bee bee," 5,000,000 "
expressing," 5,000,000 "
expression," 5,000,000 "
lloyds," 5,000,000 "
amel," 5,000,000 "
amelie," 5,000,000 "
adele," 5,000,000 "
frozen," 5,000,000 "
people," 5,000,000 "
video one," 5,000,000 "
hyundai," 5,000,000 "
spiegel," 5,000,000 "
captain america civil war," 5,000,000 "
kendall jenner," 5,000,000 "
national hockey league," 5,000,000 "
federation internationale de football association," 5,000,000 "
fifa," 5,000,000 "
natwest," 5,000,000 "
beyonce," 5,000,000 "
dragon city," 5,000,000 "
drudge report," 5,000,000 "
iphone se," 5,000,000 "
nudevista," 5,000,000 "
fandango," 5,000,000 "
google-analytics," 5,000,000 "
bod," 5,000,000 "
harry potter," 5,000,000 "
champions league," 5,000,000 "
us bank," 5,000,000 "
microsoft," 5,000,000 "
mundo deportivo," 5,000,000 "
fc barcelona," 5,000,000 "
hay day," 5,000,000 "
chelsea," 5,000,000 "
le figaro," 5,000,000 "
mp3 music downloading," 5,000,000 "
xbox one," 5,000,000 "
ford," 5,000,000 "
volkswagen," 5,000,000 "
angelina jolie," 5,000,000 "
leos," 5,000,000 "
el confidencial," 5,000,000 "
michael kors," 5,000,000 "
translate google," 5,000,000 "
british airways," 5,000,000 "
eurosport," 5,000,000 "
afipo," 5,000,000 "
la nacion," 5,000,000 "
mega," 5,000,000 "
warrior," 5,000,000 "
jota," 5,000,000 "
record," 5,000,000 "
b anco do brasil," 5,000,000 "
fallout 4," 5,000,000 "
nicki minaj," 5,000,000 "
pac-man," 5,000,000 "
mercedes," 5,000,000 "
rojadirecta," 5,000,000 "
slither," 5,000,000 "
societe generale," 5,000,000 "
avob," 5,000,000 "
avon," 5,000,000 "
mia khalifa," 5,000,000 "
one piece," 5,000,000 "
fifa 15," 5,000,000 "
booking.com," 5,000,000 "
jav," 5,000,000 "
anco santander," 5,000,000 "
chromecast," 5,000,000 "
lego," 5,000,000 "
cartolas," 5,000,000 "
telegram," 5,000,000 "
radio," 5,000,000 "
sex tube," 5,000,000 "
myfreecams," 5,000,000 "
shazam," 5,000,000 "
sudoku," 5,000,000 "
asds," 5,000,000 "
jeux," 5,000,000 "
urban dictionary," 5,000,000 "
deezer," 5,000,000 "
marks and spencer," 5,000,000 "
air france," 5,000,000 "
cars game," 5,000,000 "
staple," 5,000,000 "
video downloader," 5,000,000 "
acura games," 5,000,000 "
camera 360," 5,000,000 "
car g," 5,000,000 "
car game," 5,000,000 "
la poste," 5,000,000 "
vlc," 5,000,000 "
abast," 5,000,000 "
airasia," 5,000,000 "
mahjong," 5,000,000 "
paris," 5,000,000 "
pdf," 5,000,000 "
porno xxx," 5,000,000 "
pornografia xxx," 5,000,000 "
pornos xxx," 5,000,000 "
portable document format," 5,000,000 "
temple run 2," 5,000,000 "
avast," 5,000,000 "
avsst," 5,000,000 "
dainikbhaskar," 5,000,000 "
fedex track," 5,000,000 "
fedex tracking," 5,000,000 "
porn movies," 5,000,000 "
porno movies," 5,000,000 "
whatsapp download," 5,000,000 "
9apps," 5,000,000 "
k mart," 5,000,000 "
launcher," 5,000,000 "
otto," 5,000,000 "
laredoute," 5,000,000 "
serie a," 5,000,000 "
conforama," 5,000,000 "
debenhams," 5,000,000 "
kmart," 5,000,000 "
white pages," 5,000,000 "
whitepages," 5,000,000 "
meetic," 5,000,000 "
cinepolis," 5,000,000 "
lojas americanas," 5,000,000 "
redbox," 5,000,000 "
bershka," 5,000,000 "
garanti," 5,000,000 "
mx player," 5,000,000 "
tokopedia," 5,000,000 "
zalo," 5,000,000 "
viamichelin," 4,999,997 "
correios," 4,999,997 "
tredyol," 4,989,728 "
cargams," 4,930,003 "
traductor de google," 4,124,105 "
yahoo finance," 4,090,000 "
johnny depp," 4,090,000 "
leonardo dicaprio," 4,090,000 "
ok cupid," 4,090,000 "
buzzfeed," 4,090,000 "
bancoombia," 4,090,000 "
pizza," 4,090,000 "
george boole," 4,090,000 "
corriere," 4,090,000 "
expressen," 4,090,000 "
anime flv," 4,090,000 "
aprint," 4,090,000 "
earth day," 4,090,000 "
periscope," 4,090,000 "
spanish to english," 4,090,000 "
xfinity," 4,090,000 "
rezultati," 4,090,000 "
asprint," 4,090,000 "
william hill," 4,090,000 "
william shakespeare," 4,090,000 "
nordea," 4,090,000 "
sprint," 4,090,000 "
scholar," 4,090,000 "
scholarship," 4,090,000 "
barclay," 4,090,000 "
barclays," 4,090,000 "
ask.fm," 4,090,000 "
national lottery," 4,090,000 "
tiscali," 4,090,000 "
cub," 4,090,000 "
el comercio," 4,090,000 "
isis," 4,090,000 "
samsung galaxy s7," 4,090,000 "
audi," 4,090,000 "
blogger," 4,090,000 "
el universal," 4,090,000 "
the revenant," 4,090,000 "
quot," 4,090,000 "
quotes," 4,090,000 "
rio 2016," 4,090,000 "
google analytics," 4,090,000 "
halloween," 4,090,000 "
miniclip," 4,090,000 "
western union," 4,090,000 "
katy perry," 4,090,000 "
one direction," 4,090,000 "
a naked girl," 4,090,000 "
boo hoo," 4,090,000 "
focus," 4,090,000 "
neymar," 4,090,000 "
banco provincial," 4,090,000 "
yelp," 4,090,000 "
delta," 4,090,000 "
drake," 4,090,000 "
film streaming," 4,090,000 "
nissan," 4,090,000 "
batman," 4,090,000 "
hoverboard," 4,090,000 "
quizlet," 4,090,000 "
snap," 4,090,000 "
yahoo news," 4,090,000 "
british telecom," 4,090,000 "
brad pitt," 4,090,000 "
copa america," 4,090,000 "
juventus," 4,090,000 "
sonic," 4,090,000 "
bekmen," 4,090,000 "
tesla," 4,090,000 "
avianca," 4,090,000 "
google calendar," 4,090,000 "
verizon wireless," 4,090,000 "
sex stories," 4,090,000 "
hangout," 4,090,000 "
jworg," 4,090,000 "
barbie," 4,090,000 "
bundesliga," 4,090,000 "
chatting," 4,090,000 "
moneycontrol," 4,090,000 "
television online," 4,090,000 "
meme," 4,090,000 "
photo," 4,090,000 "
free games," 4,090,000 "
free gaming," 4,090,000 "
freeware games," 4,090,000 "
need for speed," 4,090,000 "
cricket," 4,090,000 "
harley quinn," 4,090,000 "
provincial," 4,090,000 "
michael jackson," 4,090,000 "
tango," 4,090,000 "
vivo," 4,090,000 "
goggle mail," 4,090,000 "
cartoon network," 4,090,000 "
paris saint-germain," 4,090,000 "
burger king," 4,090,000 "
camera," 4,090,000 "
comuniazo," 4,090,000 "
primark," 4,090,000 "
angry birds," 4,090,000 "
alibaba," 4,090,000 "
boot," 4,090,000 "
global positioning system," 4,090,000 "
office depot," 4,090,000 "
batman vs superman," 4,090,000 "
dragon ball z," 4,090,000 "
party city," 4,090,000 "
banki," 4,090,000 "
adblock," 4,090,000 "
euro," 4,090,000 "
imgur," 4,090,000 "
akinator," 4,090,000 "
curries," 4,090,000 "
curry," 4,090,000 "
flash player," 4,090,000 "
google mail," 4,090,000 "
opera," 4,090,000 "
piano tiles," 4,090,000 "
planetromeo," 4,090,000 "
banco do brasil," 4,090,000 "
kfc," 4,090,000 "
bancosantander chile," 4,090,000 "
keyboard," 4,090,000 "
pacman," 4,090,000 "
8ball pool," 4,090,000 "
bnp," 4,090,000 "
british national party," 4,090,000 "
el corte ingles," 4,090,000 "
f1," 4,090,000 "
zedge," 4,090,000 "
app lock," 4,090,000 "
applications lock," 4,090,000 "
free porn videos," 4,090,000 "
jennifer lawrence," 4,090,000 "
literot," 4,090,000 "
literotica," 4,090,000 "
louis vuitton," 4,090,000 "
river island," 4,090,000 "
sex xxx," 4,090,000 "
what," 4,090,000 "
bluestacks," 4,090,000 "
galinha pintadinha," 4,090,000 "
gossip," 4,090,000 "
margot robbie," 4,090,000 "
miley cyrus," 4,090,000 "
barnes and noble," 4,090,000 "
gitt," 4,090,000 "
make my trip," 4,090,000 "
michael," 4,090,000 "
pegasus," 4,090,000 "
plants vs zombies," 4,090,000 "
hobby lobby," 4,090,000 "
waze," 4,090,000 "
canadian tire," 4,090,000 "
e-mag," 4,090,000 "
american eagle," 4,090,000 "
gta san andreas," 4,090,000 "
dubsmash," 4,090,000 "
falabella," 4,090,000 "
gazeta," 4,090,000 "
stradivarius," 4,090,000 "
uc mini," 4,090,000 "
urban outfitters," 4,090,000 "
zing," 4,090,000 "
extras," 4,090,000 "
casto," 4,090,000 "
rotten tomatoes," 3,350,000 "
stephen curry," 3,350,000 "
club penguin," 3,350,000 "
mlb standings," 3,350,000 "
cat," 3,350,000 "
kanye west," 3,350,000 "
cici," 3,350,000 "
scratch," 3,350,000 "
zeta," 3,350,000 "
national rail," 3,350,000 "
train running status," 3,350,000 "
vikings," 3,350,000 "
time," 3,350,000 "
free mobile," 3,350,000 "
adobe," 3,350,000 "
naked girl," 3,350,000 "
fabswingers," 3,350,000 "
flickr," 3,350,000 "
transformers," 3,350,000 "
english soccer premier league," 3,350,000 "
mac," 3,350,000 "
kickers," 3,350,000 "
shemale," 3,350,000 "
enterprise," 3,350,000 "
songs," 3,350,000 "
emoji keyboard," 3,350,000 "
tetris," 3,350,000 "
mario," 3,350,000 "
live television," 3,350,000 "
lufthansa," 3,350,000 "
vivastreet," 3,350,000 "
gaps," 3,350,000 "
mobo market," 3,350,000 "
dick sporting goods," 3,350,000 "
nude," 3,350,000 "
sexy," 3,350,000 "
trade me," 3,350,000 "
scotiabank," 3,350,000 "
livecricket," 3,350,000 "
shopclues," 3,350,000 "
american eagle," 3,350,000 "
submarino," 3,350,000 "
elmundo," 3,349,996 "
chatroulette," 6,120,000 "
flower," 2,740,000 "
internet," 2,740,000 "
